item_pk,lemma,correct_answer,pos,topic_tag,bin_name,freq_rank,source_family,reason_codes,choices_preview
267,aniversário,день рождения,noun,build:pilot_ptpt_001_pilot_safe,2K,1003,pilot_safe,multiword_answer|legacy_source_family,девочка || жена || день рождения || остров || левый || разговор
495,mapa,географическая карта,noun,build:pilot_ptpt_001_pilot_safe,2K,1853,pilot_safe,multiword_answer|legacy_source_family,географическая карта || продукция || медицина || почитание || мост || финиш
540,transmissão,коробка передач,noun,build:pilot_ptpt_001_pilot_safe,2K,1998,pilot_safe,multiword_answer|legacy_source_family,лев || молния || сенат || коробка передач || кадр || сенатор
672,veículo,транспортное средство,noun,build:pilot_ptpt_001_pilot_safe,5K,2546,pilot_safe,multiword_answer|legacy_source_family,ресторан || сахар || транспортное средство || раса || актёр || страдание
2463,soja,соевые бобы,noun,build:pilot_ptpt_001_enriched_qc,10K,6478,enriched_qc,multiword_answer|legacy_source_family,игрушка || ксаверий || соевые бобы || яд || шут || пенис
2501,taiwan,китайская республика,noun,build:pilot_ptpt_001_enriched_qc:deactivated_safe_cleanup,10K,7476,enriched_qc,multiword_answer|legacy_source_family,близнецы || обрезки || преданность || сустав || залив || китайская республика
1863,livraria,книшный магазин,noun,build:pilot_ptpt_001_enriched_qc:deactivated_semantic_suspect_20260311_133552,10K,8358,enriched_qc,multiword_answer|legacy_source_family,чередование || попечение || галактика || заказ || судан || книшный магазин
2475,submarino,подводная лодка,noun,build:pilot_ptpt_001_enriched_qc,10K,8965,enriched_qc,multiword_answer|legacy_source_family,шелк || прерия || сена || подводная лодка || треугольник || балкон
1643,gaveta,выдвижной ящик,noun,build:pilot_ptpt_001_enriched_qc,20K,11475,enriched_qc,multiword_answer|legacy_source_family,выдвижной ящик || снос || непал || директория || мученик || мали
