item_id,lemma,pos,external_key,correct_answer,risk_score,risk_bucket,reasons,gloss_en,gloss_pt,question_text,review_decision,review_new_ru_gloss,review_notes
10643,nave,noun,02694045-n,неф,5,medium,known_focus_lemma|one_word_ru_vs_long_definition|hint_match:church|church_architecture_specialized_term,part of a church divided laterally from the nave proper by rows of pillars or columns,Parte de uma igreja separadam lateralmente da nave propriamente dita por linhas de colunas ou pilares,"[owmfill_v1] Переведите на русский слово ""nave"".",keep,,specialized church architecture term; acceptable
10631,amplidão,noun,05093581-n,протяжённость,4,medium,known_focus_lemma|one_word_ru_vs_long_definition|hint_match:magnitude,the magnitude of something in a particular direction (especially length or width or height),a magnitude de algo em uma determinada direção (especialmente comprimento ou largura ou altura),"[owmfill_v1] Переведите на русский слово ""amplidão"".",keep,,протяжённость acceptable for directional magnitude
10633,causador,noun,00007347-n,причинитель,4,medium,known_focus_lemma|one_word_ru_vs_long_definition,any entity that produces an effect or is responsible for events or results,qualquer entidade que produz um efeito ou é responsável por eventos ou resultados,"[owmfill_v1] Переведите на русский слово ""causador"".",keep,,причинитель acceptable for causing entity
10640,fenómeno,noun,00034213-n,явление,4,medium,generic_ru_gloss|one_word_ru_vs_long_definition|phenomenon_generic_but_plausible,any state or process known through the senses rather than by intuition or reasoning,qualquer estado ou processo cujo conhecimento é adquirido através dos sentidos e não pela intuição ou raciocínio,"[owmfill_v1] Переведите на русский слово ""fenómeno"".",keep,,явление acceptable generic rendering
10621,insight,noun,05807306-n,озарение,4,medium,known_focus_lemma|one_word_ru_vs_long_definition,the clear (and often sudden) understanding of a complex situation,a compreensão clara (e muitas vezes súbita) de uma situação complexa,"[owmfill_v1] Переведите на русский слово ""insight"".",keep,,озарение acceptable for sudden understanding
10649,negligenciar,verb,02166361-v,не замечать,4,medium,known_focus_lemma|hint_match:notice|neglect_notice_branch_review,"look past, fail to notice",deixar de reparar,"[owmfill_v1] Переведите на русский слово ""negligenciar"".",replace,упускать из виду,closer to fail to notice
10645,apreciar,verb,00892315-v,ценить,3,medium,known_focus_lemma|hint_match:gratitude|hint_match:appreciation,express gratitude or show appreciation to,expressar gratidão ou mostrar apreciação,"[owmfill_v1] Переведите на русский слово ""apreciar"".",replace,быть признательным,closer to express gratitude/appreciation
10650,plotar,verb,01693453-v,схематически изображать,3,medium,known_focus_lemma,make a schematic or technical drawing of that shows interactions among variables or how something is constructed,fazer um desenho esquemático ou técnico que mostra as interações entre as variáveis ou como algo é construído,"[owmfill_v1] Переведите на русский слово ""plotar"".",replace,строить схему,less narrow than чертить
10627,preconizar,verb,00882948-v,одобрять,3,medium,known_focus_lemma,express a good opinion of,expressar uma boa opinião de,"[owmfill_v1] Переведите на русский слово ""preconizar"".",replace,одобрительно отзываться,closer to express a good opinion of
