external_key,lemma,pos,level,freq_rank,ru_gloss,notes
wfpt-00088,ver,verb,,94,видеть,kaikki_pt_ru_pos_seed
wfpt-00147,falar,verb,,157,сказать,kaikki_pt_ru_pos_seed
wfpt-00159,ficar,verb,,169,оставаться,kaikki_pt_ru_pos_seed
wfpt-00342,usar,verb,,359,использовать,kaikki_pt_ru_pos_seed
wfpt-00365,ajudar,verb,,383,помочь,kaikki_pt_ru_pos_seed
wfpt-00412,pensar,verb,,431,найти,kaikki_pt_ru_pos_seed
wfpt-00440,encontrar,verb,,460,найти,kaikki_pt_ru_pos_seed
wfpt-00479,começar,verb,,501,начать,kaikki_pt_ru_pos_seed
wfpt-00485,ouvir,verb,,507,слышать,kaikki_pt_ru_pos_seed
wfpt-00549,trabalhar,verb,,575,работать,kaikki_pt_ru_pos_seed
wfpt-00551,viver,verb,,577,жить,kaikki_pt_ru_pos_seed
wfpt-00563,seguir,verb,,590,следовать,kaikki_pt_ru_pos_seed
wfpt-00584,tomar,verb,,611,пить,kaikki_pt_ru_pos_seed
wfpt-00614,comprar,verb,,642,покупать,kaikki_pt_ru_pos_seed
wfpt-00620,ler,verb,,648,читать,kaikki_pt_ru_pos_seed
wfpt-00628,parar,verb,,656,остановить,kaikki_pt_ru_pos_seed
wfpt-00631,tentar,verb,,659,стараться,kaikki_pt_ru_pos_seed
wfpt-00662,sentir,verb,,691,чувствовать,kaikki_pt_ru_pos_seed
wfpt-00679,conhecer,verb,,709,знать,kaikki_pt_ru_pos_seed
wfpt-00682,mostrar,verb,,712,показать,kaikki_pt_ru_pos_seed
wfpt-00709,contar,verb,,740,читать,kaikki_pt_ru_pos_seed
wfpt-00721,comer,verb,,753,есть,kaikki_pt_ru_pos_seed
wfpt-00725,entender,verb,,757,понять,kaikki_pt_ru_pos_seed
wfpt-00775,pagar,verb,,809,платить,kaikki_pt_ru_pos_seed
wfpt-00857,esperar,verb,,891,ждать,kaikki_pt_ru_pos_seed
wfpt-00878,dormir,verb,,912,спать,kaikki_pt_ru_pos_seed
wfpt-00974,escrever,verb,,1009,писать,kaikki_pt_ru_pos_seed
wfpt-00986,querer,verb,,1021,хотеть,kaikki_pt_ru_pos_seed
wfpt-01017,matar,verb,,1053,убивать,kaikki_pt_ru_pos_seed
wfpt-01026,achar,verb,,1062,думать,kaikki_pt_ru_pos_seed
wfpt-01120,andar,verb,,1159,ходить,kaikki_pt_ru_pos_seed
wfpt-01129,evitar,verb,,1168,избегать,kaikki_pt_ru_pos_seed
wfpt-01224,trazer,verb,,1263,принести,kaikki_pt_ru_pos_seed
wfpt-01397,procurar,verb,,1444,искать,kaikki_pt_ru_pos_seed
wfpt-01417,explicar,verb,,1464,объяснить,kaikki_pt_ru_pos_seed
wfpt-01429,resolver,verb,,1476,решить,kaikki_pt_ru_pos_seed
wfpt-01451,melhorar,verb,,1498,поднять,kaikki_pt_ru_pos_seed
wfpt-01474,beber,verb,,1521,выпить,kaikki_pt_ru_pos_seed
wfpt-01556,correr,verb,,1604,бегать,kaikki_pt_ru_pos_seed
wfpt-01613,tocar,verb,,1662,играть,kaikki_pt_ru_pos_seed
wfpt-01625,esquecer,verb,,1674,забыть,kaikki_pt_ru_pos_seed
wfpt-01644,visitar,verb,,1693,посещать,kaikki_pt_ru_pos_seed
wfpt-01728,enviar,verb,,1777,послать,kaikki_pt_ru_pos_seed
wfpt-01743,parecer,verb,,1794,появляться,kaikki_pt_ru_pos_seed
wfpt-01814,salvar,verb,,1865,спасать,kaikki_pt_ru_pos_seed
wfpt-01888,precisar,verb,,1941,нуждаться,kaikki_pt_ru_pos_seed
wfpt-01912,crescer,verb,,1965,расти,kaikki_pt_ru_pos_seed
wfpt-02058,produzir,verb,,2112,делать,kaikki_pt_ru_pos_seed
wfpt-02160,alcançar,verb,,2214,достичь,kaikki_pt_ru_pos_seed
wfpt-02167,cantar,verb,,2221,петь,kaikki_pt_ru_pos_seed
wfpt-02295,amar,verb,,2349,любить,kaikki_pt_ru_pos_seed
wfpt-02324,impedir,verb,,2378,мешать,kaikki_pt_ru_pos_seed
wfpt-02354,aproveitar,verb,,2408,иметь выгоду,kaikki_pt_ru_pos_seed
wfpt-02373,fugir,verb,,2427,понести,kaikki_pt_ru_pos_seed
wfpt-02527,juntar,verb,,2582,собрать,kaikki_pt_ru_pos_seed
wfpt-02604,alimentar,verb,,2660,кормить,kaikki_pt_ru_pos_seed
wfpt-02666,existir,verb,,2723,бывать,kaikki_pt_ru_pos_seed
wfpt-02698,utilizar,verb,,2755,использовать,kaikki_pt_ru_pos_seed
wfpt-02738,quebrar,verb,,2797,ломаться,kaikki_pt_ru_pos_seed
wfpt-02783,marcar,verb,,2842,записать,kaikki_pt_ru_pos_seed
wfpt-02902,morar,verb,,2962,жить,kaikki_pt_ru_pos_seed
wfpt-03006,dever,verb,,3068,должен,kaikki_pt_ru_pos_seed
wfpt-03076,esconder,verb,,3138,спрятать,kaikki_pt_ru_pos_seed
wfpt-03169,roubar,verb,,3231,воровать,kaikki_pt_ru_pos_seed
wfpt-03222,regular,verb,,3285,регулировать,kaikki_pt_ru_pos_seed
wfpt-03316,carregar,verb,,3379,грузить,kaikki_pt_ru_pos_seed
wfpt-03439,observar,verb,,3503,следить,kaikki_pt_ru_pos_seed
wfpt-03497,foder,verb,,3562,ети,kaikki_pt_ru_pos_seed
wfpt-03503,gritar,verb,,3568,кричать,kaikki_pt_ru_pos_seed
wfpt-03505,investigar,verb,,3570,расследовать,kaikki_pt_ru_pos_seed
wfpt-03613,dividir,verb,,3679,делить,kaikki_pt_ru_pos_seed
wfpt-03749,analisar,verb,,3816,анализировать,kaikki_pt_ru_pos_seed
wfpt-03801,abandonar,verb,,3871,покидать,kaikki_pt_ru_pos_seed
wfpt-03822,desejar,verb,,3892,желать,kaikki_pt_ru_pos_seed
wfpt-03884,afastar,verb,,3955,отталкивать,kaikki_pt_ru_pos_seed
wfpt-03888,assinar,verb,,3959,подписаться,kaikki_pt_ru_pos_seed
wfpt-03934,mentir,verb,,4005,лгать,kaikki_pt_ru_pos_seed
wfpt-03956,treinar,verb,,4028,тренирова́ться,kaikki_pt_ru_pos_seed
wfpt-04022,prender,verb,,4096,увлечь,kaikki_pt_ru_pos_seed
wfpt-04192,segurar,verb,,4268,держать,kaikki_pt_ru_pos_seed
wfpt-04193,sobreviver,verb,,4269,переживать,kaikki_pt_ru_pos_seed
wfpt-04201,vestir,verb,,4277,ходить,kaikki_pt_ru_pos_seed
wfpt-04215,avançar,verb,,4291,продолжать,kaikki_pt_ru_pos_seed
wfpt-04396,escutar,verb,,4472,слущать,kaikki_pt_ru_pos_seed
wfpt-04456,calar,verb,,4533,молчать,kaikki_pt_ru_pos_seed
wfpt-04572,fumar,verb,,4649,курить,kaikki_pt_ru_pos_seed
wfpt-04589,ocupar,verb,,4667,занимать,kaikki_pt_ru_pos_seed
wfpt-04698,voar,verb,,4776,лететь,kaikki_pt_ru_pos_seed
wfpt-04905,colar,verb,,4984,клей,kaikki_pt_ru_pos_seed
wfpt-04964,separar,verb,,5043,отделиться,kaikki_pt_ru_pos_seed
wfpt-05100,cozinhar,verb,,5179,готовить,kaikki_pt_ru_pos_seed
wfpt-05218,executar,verb,,5298,делать,kaikki_pt_ru_pos_seed
wfpt-05257,queimar,verb,,5337,жечь,kaikki_pt_ru_pos_seed
wfpt-05300,aproximar,verb,,5380,оценивать,kaikki_pt_ru_pos_seed
wfpt-05308,cancelar,verb,,5388,нарушать,kaikki_pt_ru_pos_seed
wfpt-05428,criticar,verb,,5511,критиковать,kaikki_pt_ru_pos_seed
wfpt-05431,curtir,verb,,5514,дубить,kaikki_pt_ru_pos_seed
wfpt-05497,sonhar,verb,,5580,мечтать,kaikki_pt_ru_pos_seed
wfpt-05510,alterar,verb,,5593,менять,kaikki_pt_ru_pos_seed
wfpt-05519,beijar,verb,,5602,целовать,kaikki_pt_ru_pos_seed
wfpt-05598,resistir,verb,,5681,отбиваться,kaikki_pt_ru_pos_seed
wfpt-05704,registrar,verb,,5787,регистрировать,kaikki_pt_ru_pos_seed
wfpt-05714,traduzir,verb,,5797,переводить,kaikki_pt_ru_pos_seed
wfpt-05794,pintar,verb,,5877,писать,kaikki_pt_ru_pos_seed
wfpt-05827,apanhar,verb,,5911,успеть,kaikki_pt_ru_pos_seed
wfpt-06027,relaxar,verb,,6112,отдыхать,kaikki_pt_ru_pos_seed
wfpt-06173,adotar,verb,,6258,принимать,kaikki_pt_ru_pos_seed
wfpt-06179,atirar,verb,,6264,стрелять,kaikki_pt_ru_pos_seed
wfpt-06201,desaparecer,verb,,6286,исчезать,kaikki_pt_ru_pos_seed
wfpt-06203,despertar,verb,,6288,будить,kaikki_pt_ru_pos_seed
wfpt-06209,expandir,verb,,6294,расширить,kaikki_pt_ru_pos_seed
wfpt-06220,instalar,verb,,6305,провести,kaikki_pt_ru_pos_seed
wfpt-06303,comparar,verb,,6390,сравнивать,kaikki_pt_ru_pos_seed
wfpt-06330,explodir,verb,,6418,взрываться,kaikki_pt_ru_pos_seed
wfpt-06439,curar,verb,,6527,лечить,kaikki_pt_ru_pos_seed
wfpt-06519,adorar,verb,,6608,обожать,kaikki_pt_ru_pos_seed
wfpt-06642,agradar,verb,,6731,нравиться,kaikki_pt_ru_pos_seed
wfpt-06726,sugerir,verb,,6815,предложить,kaikki_pt_ru_pos_seed
wfpt-07025,caçar,verb,,7115,охотиться,kaikki_pt_ru_pos_seed
wfpt-07082,interpretar,verb,,7172,интерпретировать,kaikki_pt_ru_pos_seed
wfpt-07147,adaptar,verb,,7238,приспособить,kaikki_pt_ru_pos_seed
wfpt-07328,implementar,verb,,7421,выполнять,kaikki_pt_ru_pos_seed
wfpt-07371,rezar,verb,,7464,молиться,kaikki_pt_ru_pos_seed
wfpt-07589,prejudicar,verb,,7684,вредить,kaikki_pt_ru_pos_seed
wfpt-07760,afetar,verb,,7855,воздействовать,kaikki_pt_ru_pos_seed
wfpt-07836,inventar,verb,,7931,изобрета́ть,kaikki_pt_ru_pos_seed
wfpt-08356,culpar,verb,,8452,обвинять,kaikki_pt_ru_pos_seed
wfpt-08367,doer,verb,,8463,болеть,kaikki_pt_ru_pos_seed
wfpt-08630,cessar,verb,,8729,прекращать,kaikki_pt_ru_pos_seed
wfpt-08703,pressionar,verb,,8803,давить,kaikki_pt_ru_pos_seed
wfpt-08712,rolar,verb,,8812,катиться,kaikki_pt_ru_pos_seed
wfpt-08851,reparar,verb,,8951,заметить,kaikki_pt_ru_pos_seed
wfpt-08986,pesar,verb,,9088,весить,kaikki_pt_ru_pos_seed
wfpt-08988,poupar,verb,,9090,сберегать,kaikki_pt_ru_pos_seed
wfpt-09055,comprometer,verb,,9157,нанимать,kaikki_pt_ru_pos_seed
wfpt-09076,distinguir,verb,,9178,дифференцировать,kaikki_pt_ru_pos_seed
wfpt-09319,vingar,verb,,9422,мстить,kaikki_pt_ru_pos_seed
wfpt-09434,nadar,verb,,9539,плавать,kaikki_pt_ru_pos_seed
wfpt-09439,ofender,verb,,9544,обижать,kaikki_pt_ru_pos_seed
wfpt-09484,trair,verb,,9589,предать,kaikki_pt_ru_pos_seed
wfpt-09655,satisfazer,verb,,9761,удовлетворить,kaikki_pt_ru_pos_seed
wfpt-09679,acelerar,verb,,9787,торопить,kaikki_pt_ru_pos_seed
wfpt-09764,interessar,verb,,9872,интересовать,kaikki_pt_ru_pos_seed
wfpt-09856,brilhar,verb,,9965,сиять,kaikki_pt_ru_pos_seed
wfpt-09913,insistir,verb,,10022,настаивать,kaikki_pt_ru_pos_seed
wfpt-09947,obedecer,verb,,10056,слушаться,kaikki_pt_ru_pos_seed
wfpt-10008,acusar,verb,,10117,обвинять,kaikki_pt_ru_pos_seed
wfpt-10203,ativar,verb,,10312,активизировать,kaikki_pt_ru_pos_seed
wfpt-10478,preferir,verb,,10589,предпочесть,kaikki_pt_ru_pos_seed
wfpt-10498,saltar,verb,,10609,прыгать,kaikki_pt_ru_pos_seed
wfpt-10552,calcular,verb,,10664,считать,kaikki_pt_ru_pos_seed
wfpt-10597,evoluir,verb,,10709,развива́ться,kaikki_pt_ru_pos_seed
wfpt-10710,admirar,verb,,10822,восхищаться,kaikki_pt_ru_pos_seed
wfpt-11012,pisar,verb,,11125,топать,kaikki_pt_ru_pos_seed
wfpt-11078,vomitar,verb,,11191,рвать,kaikki_pt_ru_pos_seed
wfpt-11321,diferenciar,verb,,11438,отличать,kaikki_pt_ru_pos_seed
wfpt-11347,fomentar,verb,,11464,возбуждать,kaikki_pt_ru_pos_seed
wfpt-11455,acomodar,verb,,11572,вмещать,kaikki_pt_ru_pos_seed
wfpt-11485,chupar,verb,,11602,сосать,kaikki_pt_ru_pos_seed
wfpt-11575,orar,verb,,11693,просить,kaikki_pt_ru_pos_seed
wfpt-11595,proibir,verb,,11713,запретить,kaikki_pt_ru_pos_seed
