item_id,event_type,created_at
2362,question_shown,"2026-04-15 12:51:23"
1443,question_shown,"2026-04-15 12:51:23"
813,question_shown,"2026-04-15 12:51:23"
10025,question_shown,"2026-04-15 12:51:23"
10718,question_shown,"2026-04-15 12:51:23"
833,question_shown,"2026-04-15 12:51:23"
592,question_shown,"2026-04-15 12:51:23"
846,question_shown,"2026-04-15 12:51:23"
1953,question_shown,"2026-04-15 12:51:23"
10035,question_shown,"2026-04-15 12:51:23"
579,question_shown,"2026-04-15 12:51:23"
3398,question_shown,"2026-04-15 12:51:23"
821,question_shown,"2026-04-15 12:51:23"
2275,question_shown,"2026-04-15 12:51:22"
3284,question_shown,"2026-04-15 12:51:22"
3584,question_shown,"2026-04-15 12:51:22"
10718,question_shown,"2026-04-15 12:51:22"
10028,question_shown,"2026-04-15 12:51:22"
741,question_shown,"2026-04-15 12:51:22"
719,question_shown,"2026-04-15 12:51:22"
756,question_shown,"2026-04-15 12:51:22"
767,question_shown,"2026-04-15 12:51:22"
718,question_shown,"2026-04-15 12:51:22"
10685,question_shown,"2026-04-15 12:51:22"
3400,question_shown,"2026-04-15 12:51:22"
721,question_shown,"2026-04-15 12:51:22"
597,question_shown,"2026-04-15 12:51:22"
744,question_shown,"2026-04-15 12:51:22"
1040,question_shown,"2026-04-15 12:51:22"
10723,question_shown,"2026-04-15 12:51:22"
876,question_shown,"2026-04-15 12:51:22"
1850,question_shown,"2026-04-15 12:51:22"
650,question_shown,"2026-04-15 12:51:22"
3612,question_shown,"2026-04-15 12:51:22"
3365,question_shown,"2026-04-15 12:51:22"
1667,question_shown,"2026-04-15 12:51:22"
3339,question_shown,"2026-04-15 12:51:22"
3913,question_shown,"2026-04-15 12:51:22"
2561,question_shown,"2026-04-15 12:51:21"
2362,question_shown,"2026-04-15 12:51:21"
3365,question_shown,"2026-04-15 12:51:21"
3400,question_shown,"2026-04-15 12:51:21"
545,question_shown,"2026-04-15 12:51:21"
698,question_shown,"2026-04-15 12:51:21"
10011,question_shown,"2026-04-15 12:51:21"
550,question_shown,"2026-04-15 12:51:21"
638,question_shown,"2026-04-15 12:51:21"
577,question_shown,"2026-04-15 12:51:21"
616,question_shown,"2026-04-15 12:51:21"
602,question_shown,"2026-04-15 12:51:21"
3222,question_shown,"2026-04-15 12:51:21"
856,question_shown,"2026-04-15 12:51:21"
10607,question_shown,"2026-04-15 12:51:21"
1353,question_shown,"2026-04-15 12:51:21"
502,question_shown,"2026-04-15 12:51:21"
876,question_shown,"2026-04-15 12:51:21"
1743,question_shown,"2026-04-15 12:51:21"
3243,question_shown,"2026-04-15 12:51:21"
3366,question_shown,"2026-04-15 12:51:21"
2482,question_shown,"2026-04-15 12:51:21"
3994,question_shown,"2026-04-15 12:51:21"
3365,question_shown,"2026-04-15 12:51:21"
1977,question_shown,"2026-04-15 12:51:20"
2410,question_shown,"2026-04-15 12:51:20"
8757,question_shown,"2026-04-15 12:51:20"
1759,question_shown,"2026-04-15 12:51:20"
893,question_shown,"2026-04-15 12:51:20"
1716,question_shown,"2026-04-15 12:51:20"
10028,question_shown,"2026-04-15 12:51:20"
10025,question_shown,"2026-04-15 12:51:20"
3399,question_shown,"2026-04-15 12:51:20"
608,question_shown,"2026-04-15 12:51:20"
3233,question_shown,"2026-04-15 12:51:20"
3238,question_shown,"2026-04-15 12:51:20"
757,question_shown,"2026-04-15 12:51:20"
584,question_shown,"2026-04-15 12:51:20"
3197,question_shown,"2026-04-15 12:51:20"
3400,question_shown,"2026-04-15 12:51:20"
777,question_shown,"2026-04-15 12:51:20"
3225,question_shown,"2026-04-15 12:51:20"
961,question_shown,"2026-04-15 12:51:20"
10665,question_shown,"2026-04-15 12:51:20"
945,question_shown,"2026-04-15 12:51:20"
3913,question_shown,"2026-04-15 12:51:20"
10028,question_shown,"2026-04-15 12:51:20"
2610,question_shown,"2026-04-15 12:51:20"
1248,question_shown,"2026-04-15 12:51:20"
10041,question_shown,"2026-04-15 12:51:20"
10817,question_shown,"2026-04-15 12:51:20"
3901,question_shown,"2026-04-15 12:51:19"
1235,question_shown,"2026-04-15 12:51:19"
922,question_shown,"2026-04-15 12:51:19"
923,question_shown,"2026-04-15 12:51:19"
682,question_shown,"2026-04-15 12:51:19"
552,question_shown,"2026-04-15 12:51:19"
3205,question_shown,"2026-04-15 12:51:19"
748,question_shown,"2026-04-15 12:51:19"
2222,question_shown,"2026-04-15 12:51:19"
9997,question_shown,"2026-04-15 12:51:19"
680,question_shown,"2026-04-15 12:51:19"
574,question_shown,"2026-04-15 12:51:19"
571,question_shown,"2026-04-15 12:51:19"
826,question_shown,"2026-04-15 12:51:19"
10004,question_shown,"2026-04-15 12:51:19"
3906,question_shown,"2026-04-15 12:51:19"
457,question_shown,"2026-04-15 12:51:19"
1205,question_shown,"2026-04-15 12:51:19"
3510,question_shown,"2026-04-15 12:51:19"
763,question_shown,"2026-04-15 12:51:19"
3618,question_shown,"2026-04-15 12:51:19"
3633,question_shown,"2026-04-15 12:51:18"
647,question_shown,"2026-04-15 12:51:18"
10683,question_shown,"2026-04-15 12:51:18"
755,question_shown,"2026-04-15 12:51:18"
565,question_shown,"2026-04-15 12:51:18"
2072,question_shown,"2026-04-15 12:51:18"
3446,question_shown,"2026-04-15 12:51:18"
560,question_shown,"2026-04-15 12:51:18"
10066,question_shown,"2026-04-15 12:51:18"
667,question_shown,"2026-04-15 12:51:18"
9841,question_shown,"2026-04-15 12:51:18"
3399,question_shown,"2026-04-15 12:51:18"
3365,question_shown,"2026-04-15 12:51:18"
3169,question_shown,"2026-04-15 12:51:18"
2485,question_shown,"2026-04-15 12:51:18"
1082,question_shown,"2026-04-15 12:51:18"
3230,question_shown,"2026-04-15 12:51:18"
3366,question_shown,"2026-04-15 12:51:18"
1388,question_shown,"2026-04-15 12:51:18"
622,question_shown,"2026-04-15 12:51:18"
3446,question_shown,"2026-04-15 12:51:18"
9997,question_shown,"2026-04-15 12:51:17"
1372,question_shown,"2026-04-15 12:51:17"
836,question_shown,"2026-04-15 12:51:17"
576,question_shown,"2026-04-15 12:51:17"
683,question_shown,"2026-04-15 12:51:17"
567,question_shown,"2026-04-15 12:51:17"
743,question_shown,"2026-04-15 12:51:17"
867,question_shown,"2026-04-15 12:51:17"
504,question_shown,"2026-04-15 12:51:17"
2567,question_shown,"2026-04-15 12:51:17"
3365,question_shown,"2026-04-15 12:51:17"
10716,question_shown,"2026-04-15 12:51:17"
3366,question_shown,"2026-04-15 12:51:17"
3906,question_shown,"2026-04-15 12:51:17"
3201,question_shown,"2026-04-15 12:51:17"
10028,question_shown,"2026-04-15 12:51:17"
2239,question_shown,"2026-04-15 12:51:17"
2652,question_shown,"2026-04-15 12:51:17"
4013,question_shown,"2026-04-15 12:51:17"
613,question_shown,"2026-04-15 12:51:16"
34,question_shown,"2026-04-15 12:51:16"
10028,question_shown,"2026-04-15 12:51:16"
610,question_shown,"2026-04-15 12:51:16"
10060,question_shown,"2026-04-15 12:51:16"
3398,question_shown,"2026-04-15 12:51:16"
715,question_shown,"2026-04-15 12:51:16"
3200,question_shown,"2026-04-15 12:51:16"
1268,question_shown,"2026-04-15 12:51:16"
10723,question_shown,"2026-04-15 12:51:16"
3316,question_shown,"2026-04-15 12:51:16"
3365,question_shown,"2026-04-15 12:51:16"
10025,question_shown,"2026-04-15 12:51:16"
10817,question_shown,"2026-04-15 12:51:16"
2227,question_shown,"2026-04-15 12:51:16"
711,question_shown,"2026-04-15 12:51:16"
1310,question_shown,"2026-04-15 12:51:16"
3547,question_shown,"2026-04-15 12:51:16"
3500,question_shown,"2026-04-15 12:51:16"
3560,question_shown,"2026-04-15 12:51:16"
10030,question_shown,"2026-04-15 12:51:16"
829,question_shown,"2026-04-15 12:51:16"
3239,question_shown,"2026-04-15 12:51:16"
3398,question_shown,"2026-04-15 12:51:16"
666,question_shown,"2026-04-15 12:51:16"
3446,question_shown,"2026-04-15 12:51:15"
1006,question_shown,"2026-04-15 12:51:15"
3400,question_shown,"2026-04-15 12:51:15"
742,question_shown,"2026-04-15 12:51:15"
589,question_shown,"2026-04-15 12:51:15"
662,question_shown,"2026-04-15 12:51:15"
10043,question_shown,"2026-04-15 12:51:15"
830,question_shown,"2026-04-15 12:51:15"
917,question_shown,"2026-04-15 12:51:15"
473,question_shown,"2026-04-15 12:51:15"
3324,question_shown,"2026-04-15 12:51:15"
1324,question_shown,"2026-04-15 12:51:15"
10715,question_shown,"2026-04-15 12:51:15"
1221,question_shown,"2026-04-15 12:51:15"
3365,question_shown,"2026-04-15 12:51:15"
782,question_shown,"2026-04-15 12:51:15"
962,question_shown,"2026-04-15 12:51:15"
3366,question_shown,"2026-04-15 12:51:15"
3596,question_shown,"2026-04-15 12:51:15"
3530,question_shown,"2026-04-15 12:51:15"
10003,question_shown,"2026-04-15 12:51:15"
3999,question_shown,"2026-04-15 12:51:15"
669,question_shown,"2026-04-15 12:51:15"
769,question_shown,"2026-04-15 12:51:15"
855,question_shown,"2026-04-15 12:51:14"
644,question_shown,"2026-04-15 12:51:14"
3399,question_shown,"2026-04-15 12:51:14"
816,question_shown,"2026-04-15 12:51:14"
3241,question_shown,"2026-04-15 12:51:14"
3398,question_shown,"2026-04-15 12:51:14"
805,question_shown,"2026-04-15 12:51:14"
10719,question_shown,"2026-04-15 12:51:14"
3202,question_shown,"2026-04-15 12:51:14"
2415,question_shown,"2026-04-15 12:51:14"
10723,question_shown,"2026-04-15 12:51:14"
10818,question_shown,"2026-04-15 12:51:14"
10727,question_shown,"2026-04-15 12:51:14"
759,question_shown,"2026-04-15 12:51:14"
985,question_shown,"2026-04-15 12:51:14"
1289,question_shown,"2026-04-15 12:51:14"
3229,question_shown,"2026-04-15 12:51:14"
1758,question_shown,"2026-04-15 12:51:14"
3260,question_shown,"2026-04-15 12:51:14"
878,question_shown,"2026-04-15 12:51:14"
3365,question_shown,"2026-04-15 12:51:14"
806,question_shown,"2026-04-15 12:51:14"
843,question_shown,"2026-04-15 12:51:14"
668,question_shown,"2026-04-15 12:51:14"
850,question_shown,"2026-04-15 12:51:14"
840,question_shown,"2026-04-15 12:51:13"
747,question_shown,"2026-04-15 12:51:13"
10040,question_shown,"2026-04-15 12:51:13"
3246,question_shown,"2026-04-15 12:51:13"
10028,question_shown,"2026-04-15 12:51:13"
3400,question_shown,"2026-04-15 12:51:13"
655,question_shown,"2026-04-15 12:51:13"
3365,question_shown,"2026-04-15 12:51:13"
400,question_shown,"2026-04-15 12:51:13"
877,question_shown,"2026-04-15 12:51:13"
1301,question_shown,"2026-04-15 12:51:13"
561,question_shown,"2026-04-15 12:51:13"
3324,question_shown,"2026-04-15 12:51:13"
1546,question_shown,"2026-04-15 12:51:13"
890,question_shown,"2026-04-15 12:51:13"
2571,question_shown,"2026-04-15 12:51:13"
873,question_shown,"2026-04-15 12:51:13"
1047,question_shown,"2026-04-15 12:51:13"
1510,question_shown,"2026-04-15 12:51:13"
10036,question_shown,"2026-04-15 12:51:13"
10028,question_shown,"2026-04-15 12:51:13"
630,question_shown,"2026-04-15 12:51:13"
619,question_shown,"2026-04-15 12:51:12"
723,question_shown,"2026-04-15 12:51:12"
10028,question_shown,"2026-04-15 12:51:12"
10001,question_shown,"2026-04-15 12:51:12"
3264,question_shown,"2026-04-15 12:51:12"
426,question_shown,"2026-04-15 12:51:12"
1397,question_shown,"2026-04-15 12:51:12"
3916,question_shown,"2026-04-15 12:51:12"
618,question_shown,"2026-04-15 12:51:12"
3580,question_shown,"2026-04-15 12:51:12"
884,question_shown,"2026-04-15 12:51:12"
604,question_shown,"2026-04-15 12:51:12"
1518,question_shown,"2026-04-15 12:51:12"
3365,question_shown,"2026-04-15 12:51:12"
1268,question_shown,"2026-04-15 12:51:12"
1720,question_shown,"2026-04-15 12:51:12"
3466,question_shown,"2026-04-15 12:51:12"
819,question_shown,"2026-04-15 12:51:12"
10002,question_shown,"2026-04-15 12:51:12"
3398,question_shown,"2026-04-15 12:51:12"
676,question_shown,"2026-04-15 12:51:12"
10684,question_shown,"2026-04-15 12:51:11"
3244,question_shown,"2026-04-15 12:51:11"
675,question_shown,"2026-04-15 12:51:11"
1763,question_shown,"2026-04-15 12:51:11"
399,question_shown,"2026-04-15 12:51:11"
872,question_shown,"2026-04-15 12:51:11"
1774,question_shown,"2026-04-15 12:51:11"
3229,question_shown,"2026-04-15 12:51:11"
3366,question_shown,"2026-04-15 12:51:11"
3264,question_shown,"2026-04-15 12:51:11"
713,question_shown,"2026-04-15 12:51:11"
10816,question_shown,"2026-04-15 12:51:11"
3270,question_shown,"2026-04-15 12:51:11"
3365,question_shown,"2026-04-15 12:51:11"
1033,question_shown,"2026-04-15 12:51:11"
824,question_shown,"2026-04-15 12:51:11"
10045,question_shown,"2026-04-15 12:51:11"
780,question_shown,"2026-04-15 12:51:11"
804,question_shown,"2026-04-15 12:51:11"
706,question_shown,"2026-04-15 12:51:11"
724,question_shown,"2026-04-15 12:51:11"
3400,question_shown,"2026-04-15 12:51:11"
10002,question_shown,"2026-04-15 12:51:11"
1783,question_shown,"2026-04-15 12:51:10"
10063,question_shown,"2026-04-15 12:51:10"
991,question_shown,"2026-04-15 12:51:10"
1630,question_shown,"2026-04-15 12:51:10"
617,question_shown,"2026-04-15 12:51:10"
1963,question_shown,"2026-04-15 12:51:10"
3272,question_shown,"2026-04-15 12:51:10"
3565,question_shown,"2026-04-15 12:51:10"
1747,question_shown,"2026-04-15 12:51:10"
728,question_shown,"2026-04-15 12:51:10"
3224,question_shown,"2026-04-15 12:51:10"
842,question_shown,"2026-04-15 12:51:10"
3398,question_shown,"2026-04-15 12:51:10"
688,question_shown,"2026-04-15 12:51:10"
834,question_shown,"2026-04-15 12:51:10"
10038,question_shown,"2026-04-15 12:51:10"
3399,question_shown,"2026-04-15 12:51:10"
3446,question_shown,"2026-04-15 12:51:10"
697,question_shown,"2026-04-15 12:51:09"
1488,question_shown,"2026-04-15 12:51:09"
1020,question_shown,"2026-04-15 12:51:09"
3400,question_shown,"2026-04-15 12:51:09"
1824,question_shown,"2026-04-15 12:51:09"
10713,question_shown,"2026-04-15 12:51:09"
3365,question_shown,"2026-04-15 12:51:09"
1181,question_shown,"2026-04-15 12:51:09"
598,question_shown,"2026-04-15 12:51:09"
10686,question_shown,"2026-04-15 12:51:09"
799,question_shown,"2026-04-15 12:51:09"
10042,question_shown,"2026-04-15 12:51:09"
9957,question_shown,"2026-04-15 12:51:09"
665,question_shown,"2026-04-15 12:51:09"
3398,question_shown,"2026-04-15 12:51:09"
707,question_shown,"2026-04-15 12:51:09"
853,question_shown,"2026-04-15 12:51:09"
10048,question_shown,"2026-04-15 12:51:09"
10043,question_shown,"2026-04-15 12:51:09"
10028,question_shown,"2026-04-15 12:51:09"
3491,question_shown,"2026-04-15 12:51:09"
456,question_shown,"2026-04-15 12:51:09"
1470,question_shown,"2026-04-15 12:51:09"
3365,question_shown,"2026-04-15 12:51:08"
3275,question_shown,"2026-04-15 12:51:08"
1707,question_shown,"2026-04-15 12:51:08"
659,question_shown,"2026-04-15 12:51:08"
3213,question_shown,"2026-04-15 12:51:08"
594,question_shown,"2026-04-15 12:51:08"
10062,question_shown,"2026-04-15 12:51:08"
653,question_shown,"2026-04-15 12:51:08"
835,question_shown,"2026-04-15 12:51:08"
720,question_shown,"2026-04-15 12:51:08"
3242,question_shown,"2026-04-15 12:51:08"
836,question_shown,"2026-04-15 12:51:08"
710,question_shown,"2026-04-15 12:51:08"
3398,question_shown,"2026-04-15 12:51:08"
704,question_shown,"2026-04-15 12:51:08"
1539,question_shown,"2026-04-15 12:51:08"
526,question_shown,"2026-04-15 12:51:08"
3366,question_shown,"2026-04-15 12:51:08"
2209,question_shown,"2026-04-15 12:51:08"
3941,question_shown,"2026-04-15 12:51:07"
1248,question_shown,"2026-04-15 12:51:07"
2652,question_shown,"2026-04-15 12:51:07"
2032,question_shown,"2026-04-15 12:51:07"
10049,question_shown,"2026-04-15 12:51:07"
685,question_shown,"2026-04-15 12:51:07"
725,question_shown,"2026-04-15 12:51:07"
2632,question_shown,"2026-04-15 12:51:07"
772,question_shown,"2026-04-15 12:51:07"
656,question_shown,"2026-04-15 12:51:07"
845,question_shown,"2026-04-15 12:51:07"
3400,question_shown,"2026-04-15 12:51:07"
844,question_shown,"2026-04-15 12:51:07"
705,question_shown,"2026-04-15 12:51:07"
10011,question_shown,"2026-04-15 12:51:07"
10056,question_shown,"2026-04-15 12:51:07"
2648,question_shown,"2026-04-15 12:51:07"
3371,question_shown,"2026-04-15 12:51:07"
2391,question_shown,"2026-04-15 12:51:07"
4014,question_shown,"2026-04-15 12:51:07"
633,question_shown,"2026-04-15 12:51:07"
10816,question_shown,"2026-04-15 12:51:07"
3633,question_shown,"2026-04-15 12:51:07"
3446,question_shown,"2026-04-15 12:51:07"
1434,question_shown,"2026-04-15 12:51:07"
550,question_shown,"2026-04-15 12:51:06"
2664,question_shown,"2026-04-15 12:51:06"
3366,question_shown,"2026-04-15 12:51:06"
1539,question_shown,"2026-04-15 12:51:06"
3400,question_shown,"2026-04-15 12:51:06"
1850,question_shown,"2026-04-15 12:51:06"
545,question_shown,"2026-04-15 12:51:06"
10064,question_shown,"2026-04-15 12:51:06"
605,question_shown,"2026-04-15 12:51:06"
10025,question_shown,"2026-04-15 12:51:06"
3196,question_shown,"2026-04-15 12:51:06"
635,question_shown,"2026-04-15 12:51:06"
750,question_shown,"2026-04-15 12:51:06"
737,question_shown,"2026-04-15 12:51:06"
847,question_shown,"2026-04-15 12:51:06"
3215,question_shown,"2026-04-15 12:51:06"
10720,question_shown,"2026-04-15 12:51:06"
883,question_shown,"2026-04-15 12:51:06"
3185,question_shown,"2026-04-15 12:51:06"
1988,question_shown,"2026-04-15 12:51:06"
4015,question_shown,"2026-04-15 12:51:06"
10025,question_shown,"2026-04-15 12:51:06"
3366,question_shown,"2026-04-15 12:51:06"
1743,question_shown,"2026-04-15 12:51:06"
689,question_shown,"2026-04-15 12:51:06"
2160,question_shown,"2026-04-15 12:51:05"
3399,question_shown,"2026-04-15 12:51:05"
2531,question_shown,"2026-04-15 12:51:05"
812,question_shown,"2026-04-15 12:51:05"
754,question_shown,"2026-04-15 12:51:05"
2455,question_shown,"2026-04-15 12:51:05"
727,question_shown,"2026-04-15 12:51:05"
714,question_shown,"2026-04-15 12:51:05"
607,question_shown,"2026-04-15 12:51:05"
614,question_shown,"2026-04-15 12:51:05"
827,question_shown,"2026-04-15 12:51:05"
10011,question_shown,"2026-04-15 12:51:05"
640,question_shown,"2026-04-15 12:51:05"
731,question_shown,"2026-04-15 12:51:05"
1047,question_shown,"2026-04-15 12:51:05"
530,question_shown,"2026-04-15 12:51:05"
3617,question_shown,"2026-04-15 12:51:05"
3365,question_shown,"2026-04-15 12:51:05"
10717,question_shown,"2026-04-15 12:51:05"
2066,question_shown,"2026-04-15 12:51:05"
10713,question_shown,"2026-04-15 12:51:05"
10681,question_shown,"2026-04-15 12:51:04"
3206,question_shown,"2026-04-15 12:51:04"
10054,question_shown,"2026-04-15 12:51:04"
589,question_shown,"2026-04-15 12:51:04"
10682,question_shown,"2026-04-15 12:51:04"
636,question_shown,"2026-04-15 12:51:04"
848,question_shown,"2026-04-15 12:51:04"
3398,question_shown,"2026-04-15 12:51:04"
10011,question_shown,"2026-04-15 12:51:04"
3221,question_shown,"2026-04-15 12:51:04"
10039,question_shown,"2026-04-15 12:51:04"
1438,question_shown,"2026-04-15 12:51:04"
3178,question_shown,"2026-04-15 12:51:04"
3933,question_shown,"2026-04-15 12:51:04"
3365,question_shown,"2026-04-15 12:51:04"
10029,question_shown,"2026-04-15 12:51:04"
2624,question_shown,"2026-04-15 12:51:04"
3366,question_shown,"2026-04-15 12:51:04"
761,question_shown,"2026-04-15 12:51:04"
2066,question_shown,"2026-04-15 12:51:04"
1475,question_shown,"2026-04-15 12:51:04"
731,question_shown,"2026-04-15 12:51:03"
821,question_shown,"2026-04-15 12:51:03"
811,question_shown,"2026-04-15 12:51:03"
1651,question_shown,"2026-04-15 12:51:03"
503,question_shown,"2026-04-15 12:51:03"
973,question_shown,"2026-04-15 12:51:03"
3547,question_shown,"2026-04-15 12:51:03"
38,question_shown,"2026-04-15 12:51:03"
3318,question_shown,"2026-04-15 12:51:03"
1289,question_shown,"2026-04-15 12:51:03"
841,question_shown,"2026-04-15 12:51:03"
3366,question_shown,"2026-04-15 12:51:03"
988,question_shown,"2026-04-15 12:51:03"
3365,question_shown,"2026-04-15 12:51:03"
1060,question_shown,"2026-04-15 12:51:03"
552,question_shown,"2026-04-15 12:51:03"
3366,question_shown,"2026-04-15 12:51:02"
679,question_shown,"2026-04-15 12:51:02"
2443,question_shown,"2026-04-15 12:51:02"
1767,question_shown,"2026-04-15 12:51:02"
3248,question_shown,"2026-04-15 12:51:02"
1162,question_shown,"2026-04-15 12:51:02"
577,question_shown,"2026-04-15 12:51:02"
574,question_shown,"2026-04-15 12:51:02"
3398,question_shown,"2026-04-15 12:51:02"
3446,question_shown,"2026-04-15 12:51:02"
612,question_shown,"2026-04-15 12:51:02"
10004,question_shown,"2026-04-15 12:51:02"
785,question_shown,"2026-04-15 12:51:02"
10005,question_shown,"2026-04-15 12:51:02"
3238,question_shown,"2026-04-15 12:51:02"
717,question_shown,"2026-04-15 12:51:01"
10028,question_shown,"2026-04-15 12:51:01"
814,question_shown,"2026-04-15 12:51:01"
3446,question_shown,"2026-04-15 12:51:01"
677,question_shown,"2026-04-15 12:51:01"
10011,question_shown,"2026-04-15 12:51:01"
757,question_shown,"2026-04-15 12:51:01"
648,question_shown,"2026-04-15 12:51:01"
650,question_shown,"2026-04-15 12:51:01"
3225,question_shown,"2026-04-15 12:51:01"
2562,question_shown,"2026-04-15 12:51:01"
10709,question_shown,"2026-04-15 12:51:01"
1389,question_shown,"2026-04-15 12:51:01"
3365,question_shown,"2026-04-15 12:51:01"
775,question_shown,"2026-04-15 12:51:01"
9791,question_shown,"2026-04-15 12:51:01"
597,question_shown,"2026-04-15 12:51:00"
10025,question_shown,"2026-04-15 12:51:00"
3446,question_shown,"2026-04-15 12:51:00"
1615,question_shown,"2026-04-15 12:51:00"
603,question_shown,"2026-04-15 12:51:00"
813,question_shown,"2026-04-15 12:51:00"
777,question_shown,"2026-04-15 12:51:00"
1767,question_shown,"2026-04-15 12:51:00"
431,question_shown,"2026-04-15 12:51:00"
2218,question_shown,"2026-04-15 12:51:00"
3284,question_shown,"2026-04-15 12:51:00"
721,question_shown,"2026-04-15 12:51:00"
3323,question_shown,"2026-04-15 12:51:00"
10727,question_shown,"2026-04-15 12:51:00"
3400,question_shown,"2026-04-15 12:51:00"
2255,question_shown,"2026-04-15 12:51:00"
3287,question_shown,"2026-04-15 12:51:00"
1402,question_shown,"2026-04-15 12:51:00"
3584,question_shown,"2026-04-15 12:51:00"
3209,question_shown,"2026-04-15 12:51:00"
767,question_shown,"2026-04-15 12:51:00"
846,question_shown,"2026-04-15 12:50:59"
10025,question_shown,"2026-04-15 12:50:59"
34,question_shown,"2026-04-15 12:50:59"
768,question_shown,"2026-04-15 12:50:59"
2659,question_shown,"2026-04-15 12:50:59"
10011,question_shown,"2026-04-15 12:50:59"
961,question_shown,"2026-04-15 12:50:59"
354,question_shown,"2026-04-15 12:50:59"
3558,question_shown,"2026-04-15 12:50:59"
3286,question_shown,"2026-04-15 12:50:59"
10681,question_shown,"2026-04-15 12:50:59"
2027,question_shown,"2026-04-15 12:50:59"
1162,question_shown,"2026-04-15 12:50:59"
1372,question_shown,"2026-04-15 12:50:59"
3366,question_shown,"2026-04-15 12:50:59"
885,question_shown,"2026-04-15 12:50:59"
923,question_shown,"2026-04-15 12:50:59"
1319,question_shown,"2026-04-15 12:50:59"
890,question_shown,"2026-04-15 12:50:59"
3198,question_shown,"2026-04-15 12:50:59"
3227,question_shown,"2026-04-15 12:50:59"
3243,question_shown,"2026-04-15 12:50:59"
718,question_shown,"2026-04-15 12:50:59"
571,question_shown,"2026-04-15 12:50:58"
10011,question_shown,"2026-04-15 12:50:58"
781,question_shown,"2026-04-15 12:50:58"
3398,question_shown,"2026-04-15 12:50:58"
801,question_shown,"2026-04-15 12:50:58"
3284,question_shown,"2026-04-15 12:50:58"
427,question_shown,"2026-04-15 12:50:58"
926,question_shown,"2026-04-15 12:50:58"
917,question_shown,"2026-04-15 12:50:58"
3447,question_shown,"2026-04-15 12:50:58"
2218,question_shown,"2026-04-15 12:50:58"
3467,question_shown,"2026-04-15 12:50:58"
716,question_shown,"2026-04-15 12:50:58"
2338,question_shown,"2026-04-15 12:50:58"
3365,question_shown,"2026-04-15 12:50:58"
867,question_shown,"2026-04-15 12:50:58"
2239,question_shown,"2026-04-15 12:50:58"
10028,question_shown,"2026-04-15 12:50:58"
3203,question_shown,"2026-04-15 12:50:58"
833,question_shown,"2026-04-15 12:50:58"
741,question_shown,"2026-04-15 12:50:58"
3399,question_shown,"2026-04-15 12:50:58"
10047,question_shown,"2026-04-15 12:50:58"
3398,question_shown,"2026-04-15 12:50:57"
638,question_shown,"2026-04-15 12:50:57"
3216,question_shown,"2026-04-15 12:50:57"
584,question_shown,"2026-04-15 12:50:57"
543,question_shown,"2026-04-15 12:50:57"
658,question_shown,"2026-04-15 12:50:57"
3626,question_shown,"2026-04-15 12:50:57"
3166,question_shown,"2026-04-15 12:50:57"
1701,question_shown,"2026-04-15 12:50:57"
1724,question_shown,"2026-04-15 12:50:57"
567,question_shown,"2026-04-15 12:50:57"
2049,question_shown,"2026-04-15 12:50:57"
3266,question_shown,"2026-04-15 12:50:57"
10028,question_shown,"2026-04-15 12:50:57"
10818,question_shown,"2026-04-15 12:50:57"
922,question_shown,"2026-04-15 12:50:57"
3916,question_shown,"2026-04-15 12:50:57"
1522,question_shown,"2026-04-15 12:50:57"
10058,question_shown,"2026-04-15 12:50:57"
808,question_shown,"2026-04-15 12:50:57"
3400,question_shown,"2026-04-15 12:50:57"
3233,question_shown,"2026-04-15 12:50:57"
9999,question_shown,"2026-04-15 12:50:57"
1408,question_shown,"2026-04-15 12:50:57"
559,question_shown,"2026-04-15 12:50:57"
2410,question_shown,"2026-04-15 12:50:56"
594,question_shown,"2026-04-15 12:50:56"
666,question_shown,"2026-04-15 12:50:56"
683,question_shown,"2026-04-15 12:50:56"
3268,question_shown,"2026-04-15 12:50:56"
10723,question_shown,"2026-04-15 12:50:56"
1772,question_shown,"2026-04-15 12:50:56"
3256,question_shown,"2026-04-15 12:50:56"
616,question_shown,"2026-04-15 12:50:56"
1758,question_shown,"2026-04-15 12:50:56"
2415,question_shown,"2026-04-15 12:50:56"
742,question_shown,"2026-04-15 12:50:56"
3366,question_shown,"2026-04-15 12:50:56"
3458,question_shown,"2026-04-15 12:50:56"
3365,question_shown,"2026-04-15 12:50:56"
2652,question_shown,"2026-04-15 12:50:56"
10680,question_shown,"2026-04-15 12:50:56"
744,question_shown,"2026-04-15 12:50:56"
690,question_shown,"2026-04-15 12:50:56"
802,question_shown,"2026-04-15 12:50:56"
10051,question_shown,"2026-04-15 12:50:56"
3232,question_shown,"2026-04-15 12:50:56"
622,question_shown,"2026-04-15 12:50:55"
719,question_shown,"2026-04-15 12:50:55"
579,question_shown,"2026-04-15 12:50:55"
1774,question_shown,"2026-04-15 12:50:55"
415,question_shown,"2026-04-15 12:50:55"
991,question_shown,"2026-04-15 12:50:55"
3264,question_shown,"2026-04-15 12:50:55"
38,question_shown,"2026-04-15 12:50:55"
1963,question_shown,"2026-04-15 12:50:55"
2220,question_shown,"2026-04-15 12:50:55"
805,question_shown,"2026-04-15 12:50:55"
1988,question_shown,"2026-04-15 12:50:55"
3365,question_shown,"2026-04-15 12:50:55"
2292,question_shown,"2026-04-15 12:50:55"
3282,question_shown,"2026-04-15 12:50:55"
769,question_shown,"2026-04-15 12:50:55"
3231,question_shown,"2026-04-15 12:50:55"
647,question_shown,"2026-04-15 12:50:55"
10025,question_shown,"2026-04-15 12:50:55"
602,question_shown,"2026-04-15 12:50:55"
569,question_shown,"2026-04-15 12:50:55"
3400,question_shown,"2026-04-15 12:50:55"
3399,question_shown,"2026-04-15 12:50:55"
3500,question_shown,"2026-04-15 12:50:54"
3371,question_shown,"2026-04-15 12:50:54"
3329,question_shown,"2026-04-15 12:50:54"
1783,question_shown,"2026-04-15 12:50:54"
10646,question_shown,"2026-04-15 12:50:54"
3339,question_shown,"2026-04-15 12:50:54"
3510,question_shown,"2026-04-15 12:50:54"
576,question_shown,"2026-04-15 12:50:54"
1758,question_shown,"2026-04-15 12:50:54"
3560,question_shown,"2026-04-15 12:50:54"
3365,question_shown,"2026-04-15 12:50:54"
2648,question_shown,"2026-04-15 12:50:54"
763,question_shown,"2026-04-15 12:50:54"
682,question_shown,"2026-04-15 12:50:54"
10000,question_shown,"2026-04-15 12:50:54"
3201,question_shown,"2026-04-15 12:50:54"
3994,question_shown,"2026-04-15 12:50:54"
751,question_shown,"2026-04-15 12:50:54"
3399,question_shown,"2026-04-15 12:50:54"
613,question_shown,"2026-04-15 12:50:54"
565,question_shown,"2026-04-15 12:50:54"
748,question_shown,"2026-04-15 12:50:53"
3280,question_shown,"2026-04-15 12:50:53"
527,question_shown,"2026-04-15 12:50:53"
3366,question_shown,"2026-04-15 12:50:53"
1301,question_shown,"2026-04-15 12:50:53"
3400,question_shown,"2026-04-15 12:50:53"
3365,question_shown,"2026-04-15 12:50:53"
2334,question_shown,"2026-04-15 12:50:53"
3194,question_shown,"2026-04-15 12:50:53"
2485,question_shown,"2026-04-15 12:50:53"
2645,question_shown,"2026-04-15 12:50:53"
2510,question_shown,"2026-04-15 12:50:53"
1977,question_shown,"2026-04-15 12:50:53"
3398,question_shown,"2026-04-15 12:50:53"
592,question_shown,"2026-04-15 12:50:53"
10004,question_shown,"2026-04-15 12:50:53"
10043,question_shown,"2026-04-15 12:50:53"
756,question_shown,"2026-04-15 12:50:53"
566,question_shown,"2026-04-15 12:50:53"
755,question_shown,"2026-04-15 12:50:53"
3218,question_shown,"2026-04-15 12:50:53"
560,question_shown,"2026-04-15 12:50:53"
644,question_shown,"2026-04-15 12:50:53"
630,question_shown,"2026-04-15 12:50:53"
3400,question_shown,"2026-04-15 12:50:53"
3989,question_shown,"2026-04-15 12:50:52"
2218,question_shown,"2026-04-15 12:50:52"
2220,question_shown,"2026-04-15 12:50:52"
715,question_shown,"2026-04-15 12:50:52"
2044,question_shown,"2026-04-15 12:50:52"
893,question_shown,"2026-04-15 12:50:52"
3226,question_shown,"2026-04-15 12:50:52"
985,question_shown,"2026-04-15 12:50:52"
1040,question_shown,"2026-04-15 12:50:52"
3277,question_shown,"2026-04-15 12:50:52"
2561,question_shown,"2026-04-15 12:50:52"
847,question_shown,"2026-04-15 12:50:52"
10025,question_shown,"2026-04-15 12:50:52"
10028,question_shown,"2026-04-15 12:50:52"
816,question_shown,"2026-04-15 12:50:52"
667,question_shown,"2026-04-15 12:50:52"
711,question_shown,"2026-04-15 12:50:52"
803,question_shown,"2026-04-15 12:50:52"
10045,question_shown,"2026-04-15 12:50:52"
668,question_shown,"2026-04-15 12:50:52"
629,question_shown,"2026-04-15 12:50:52"
10011,question_shown,"2026-04-15 12:50:52"
3941,question_shown,"2026-04-15 12:50:51"
3365,question_shown,"2026-04-15 12:50:51"
3212,question_shown,"2026-04-15 12:50:51"
3366,question_shown,"2026-04-15 12:50:51"
2393,question_shown,"2026-04-15 12:50:51"
1109,question_shown,"2026-04-15 12:50:51"
1703,question_shown,"2026-04-15 12:50:51"
917,question_shown,"2026-04-15 12:50:51"
1716,question_shown,"2026-04-15 12:50:51"
921,question_shown,"2026-04-15 12:50:51"
855,question_shown,"2026-04-15 12:50:51"
3983,question_shown,"2026-04-15 12:50:51"
604,question_shown,"2026-04-15 12:50:51"
705,question_shown,"2026-04-15 12:50:51"
10025,question_shown,"2026-04-15 12:50:51"
3999,question_shown,"2026-04-15 12:50:51"
618,question_shown,"2026-04-15 12:50:51"
806,question_shown,"2026-04-15 12:50:51"
624,question_shown,"2026-04-15 12:50:51"
10028,question_shown,"2026-04-15 12:50:51"
10048,question_shown,"2026-04-15 12:50:51"
3399,question_shown,"2026-04-15 12:50:51"
1529,question_shown,"2026-04-15 12:50:51"
1362,question_shown,"2026-04-15 12:50:50"
617,question_shown,"2026-04-15 12:50:50"
3473,question_shown,"2026-04-15 12:50:50"
1388,question_shown,"2026-04-15 12:50:50"
10715,question_shown,"2026-04-15 12:50:50"
1161,question_shown,"2026-04-15 12:50:50"
3365,question_shown,"2026-04-15 12:50:50"
3530,question_shown,"2026-04-15 12:50:50"
988,question_shown,"2026-04-15 12:50:50"
10011,question_shown,"2026-04-15 12:50:50"
676,question_shown,"2026-04-15 12:50:50"
3241,question_shown,"2026-04-15 12:50:50"
593,question_shown,"2026-04-15 12:50:50"
10040,question_shown,"2026-04-15 12:50:50"
688,question_shown,"2026-04-15 12:50:50"
829,question_shown,"2026-04-15 12:50:50"
627,question_shown,"2026-04-15 12:50:50"
747,question_shown,"2026-04-15 12:50:50"
10001,question_shown,"2026-04-15 12:50:50"
3398,question_shown,"2026-04-15 12:50:50"
850,question_shown,"2026-04-15 12:50:50"
3258,question_shown,"2026-04-15 12:50:50"
357,question_shown,"2026-04-15 12:50:50"
515,question_shown,"2026-04-15 12:50:49"
1397,question_shown,"2026-04-15 12:50:49"
3365,question_shown,"2026-04-15 12:50:49"
3399,question_shown,"2026-04-15 12:50:49"
1222,question_shown,"2026-04-15 12:50:49"
1759,question_shown,"2026-04-15 12:50:49"
782,question_shown,"2026-04-15 12:50:49"
1824,question_shown,"2026-04-15 12:50:49"
1783,question_shown,"2026-04-15 12:50:49"
2430,question_shown,"2026-04-15 12:50:49"
1510,question_shown,"2026-04-15 12:50:49"
10028,question_shown,"2026-04-15 12:50:49"
3446,question_shown,"2026-04-15 12:50:49"
856,question_shown,"2026-04-15 12:50:49"
703,question_shown,"2026-04-15 12:50:49"
3239,question_shown,"2026-04-15 12:50:49"
3242,question_shown,"2026-04-15 12:50:49"
698,question_shown,"2026-04-15 12:50:49"
840,question_shown,"2026-04-15 12:50:49"
834,question_shown,"2026-04-15 12:50:49"
689,question_shown,"2026-04-15 12:50:49"
10029,question_shown,"2026-04-15 12:50:49"
10028,question_shown,"2026-04-15 12:50:49"
2160,question_shown,"2026-04-15 12:50:49"
30,question_shown,"2026-04-15 12:50:49"
1656,question_shown,"2026-04-15 12:50:49"
824,question_shown,"2026-04-15 12:50:48"
1361,question_shown,"2026-04-15 12:50:48"
878,question_shown,"2026-04-15 12:50:48"
728,question_shown,"2026-04-15 12:50:48"
2443,question_shown,"2026-04-15 12:50:48"
3269,question_shown,"2026-04-15 12:50:48"
1759,question_shown,"2026-04-15 12:50:48"
1763,question_shown,"2026-04-15 12:50:48"
843,question_shown,"2026-04-15 12:50:48"
713,question_shown,"2026-04-15 12:50:48"
3244,question_shown,"2026-04-15 12:50:48"
724,question_shown,"2026-04-15 12:50:48"
3399,question_shown,"2026-04-15 12:50:48"
3229,question_shown,"2026-04-15 12:50:48"
3446,question_shown,"2026-04-15 12:50:48"
665,question_shown,"2026-04-15 12:50:48"
614,question_shown,"2026-04-15 12:50:48"
675,question_shown,"2026-04-15 12:50:48"
10025,question_shown,"2026-04-15 12:50:48"
10031,question_shown,"2026-04-15 12:50:48"
1268,question_shown,"2026-04-15 12:50:48"
761,question_shown,"2026-04-15 12:50:47"
655,question_shown,"2026-04-15 12:50:47"
3398,question_shown,"2026-04-15 12:50:47"
598,question_shown,"2026-04-15 12:50:47"
704,question_shown,"2026-04-15 12:50:47"
2072,question_shown,"2026-04-15 12:50:47"
759,question_shown,"2026-04-15 12:50:47"
697,question_shown,"2026-04-15 12:50:47"
10011,question_shown,"2026-04-15 12:50:47"
610,question_shown,"2026-04-15 12:50:47"
2326,question_shown,"2026-04-15 12:50:47"
3371,question_shown,"2026-04-15 12:50:47"
3323,question_shown,"2026-04-15 12:50:47"
2645,question_shown,"2026-04-15 12:50:47"
711,question_shown,"2026-04-15 12:50:46"
10036,question_shown,"2026-04-15 12:50:46"
743,question_shown,"2026-04-15 12:50:46"
10028,question_shown,"2026-04-15 12:50:46"
3205,question_shown,"2026-04-15 12:50:46"
3466,question_shown,"2026-04-15 12:50:46"
3400,question_shown,"2026-04-15 12:50:46"
706,question_shown,"2026-04-15 12:50:46"
3398,question_shown,"2026-04-15 12:50:46"
10682,question_shown,"2026-04-15 12:50:46"
619,question_shown,"2026-04-15 12:50:46"
3400,question_shown,"2026-04-15 12:50:46"
3266,question_shown,"2026-04-15 12:50:46"
412,question_shown,"2026-04-15 12:50:46"
872,question_shown,"2026-04-15 12:50:46"
1378,question_shown,"2026-04-15 12:50:46"
853,question_shown,"2026-04-15 12:50:46"
3637,question_shown,"2026-04-15 12:50:46"
9967,question_shown,"2026-04-15 12:50:46"
662,question_shown,"2026-04-15 12:50:46"
3330,question_shown,"2026-04-15 12:50:46"
3596,question_shown,"2026-04-15 12:50:46"
2371,question_shown,"2026-04-15 12:50:46"
2531,question_shown,"2026-04-15 12:50:46"
3399,question_shown,"2026-04-15 12:50:46"
10030,question_shown,"2026-04-15 12:50:46"
750,question_shown,"2026-04-15 12:50:45"
3446,question_shown,"2026-04-15 12:50:45"
659,question_shown,"2026-04-15 12:50:45"
780,question_shown,"2026-04-15 12:50:45"
1667,question_shown,"2026-04-15 12:50:45"
710,question_shown,"2026-04-15 12:50:45"
3466,question_shown,"2026-04-15 12:50:45"
685,question_shown,"2026-04-15 12:50:45"
3560,question_shown,"2026-04-15 12:50:45"
362,question_shown,"2026-04-15 12:50:45"
1110,question_shown,"2026-04-15 12:50:45"
1720,question_shown,"2026-04-15 12:50:45"
804,question_shown,"2026-04-15 12:50:45"
3617,question_shown,"2026-04-15 12:50:45"
3267,question_shown,"2026-04-15 12:50:45"
844,question_shown,"2026-04-15 12:50:45"
9151,question_shown,"2026-04-15 12:50:45"
3365,question_shown,"2026-04-15 12:50:45"
3270,question_shown,"2026-04-15 12:50:45"
1033,question_shown,"2026-04-15 12:50:45"
799,question_shown,"2026-04-15 12:50:44"
10686,question_shown,"2026-04-15 12:50:44"
10685,question_shown,"2026-04-15 12:50:44"
10699,question_shown,"2026-04-15 12:50:44"
1539,question_shown,"2026-04-15 12:50:44"
3191,question_shown,"2026-04-15 12:50:44"
3366,question_shown,"2026-04-15 12:50:44"
1716,question_shown,"2026-04-15 12:50:44"
707,question_shown,"2026-04-15 12:50:44"
1895,question_shown,"2026-04-15 12:50:44"
4009,question_shown,"2026-04-15 12:50:44"
653,question_shown,"2026-04-15 12:50:44"
3365,question_shown,"2026-04-15 12:50:44"
2032,question_shown,"2026-04-15 12:50:44"
1732,question_shown,"2026-04-15 12:50:44"
3906,question_shown,"2026-04-15 12:50:44"
845,question_shown,"2026-04-15 12:50:44"
819,question_shown,"2026-04-15 12:50:44"
10025,question_shown,"2026-04-15 12:50:44"
640,question_shown,"2026-04-15 12:50:44"
656,question_shown,"2026-04-15 12:50:43"
821,question_shown,"2026-04-15 12:50:43"
10025,question_shown,"2026-04-15 12:50:43"
3365,question_shown,"2026-04-15 12:50:43"
3188,question_shown,"2026-04-15 12:50:43"
8757,question_shown,"2026-04-15 12:50:43"
3288,question_shown,"2026-04-15 12:50:43"
669,question_shown,"2026-04-15 12:50:43"
1772,question_shown,"2026-04-15 12:50:43"
3366,question_shown,"2026-04-15 12:50:43"
607,question_shown,"2026-04-15 12:50:43"
3924,question_shown,"2026-04-15 12:50:43"
873,question_shown,"2026-04-15 12:50:43"
3908,question_shown,"2026-04-15 12:50:43"
2275,question_shown,"2026-04-15 12:50:43"
605,question_shown,"2026-04-15 12:50:43"
10028,question_shown,"2026-04-15 12:50:43"
737,question_shown,"2026-04-15 12:50:43"
725,question_shown,"2026-04-15 12:50:43"
10607,question_shown,"2026-04-15 12:50:43"
849,question_shown,"2026-04-15 12:50:43"
812,question_shown,"2026-04-15 12:50:43"
633,question_shown,"2026-04-15 12:50:43"
648,question_shown,"2026-04-15 12:50:42"
10028,question_shown,"2026-04-15 12:50:42"
811,question_shown,"2026-04-15 12:50:42"
3246,question_shown,"2026-04-15 12:50:42"
3263,question_shown,"2026-04-15 12:50:42"
3988,question_shown,"2026-04-15 12:50:42"
10818,question_shown,"2026-04-15 12:50:42"
1630,question_shown,"2026-04-15 12:50:42"
10025,question_shown,"2026-04-15 12:50:42"
3612,question_shown,"2026-04-15 12:50:42"
988,question_shown,"2026-04-15 12:50:42"
3399,question_shown,"2026-04-15 12:50:42"
2664,question_shown,"2026-04-15 12:50:42"
1438,question_shown,"2026-04-15 12:50:42"
1324,question_shown,"2026-04-15 12:50:42"
885,question_shown,"2026-04-15 12:50:42"
841,question_shown,"2026-04-15 12:50:42"
650,question_shown,"2026-04-15 12:50:42"
3400,question_shown,"2026-04-15 12:50:42"
826,question_shown,"2026-04-15 12:50:42"
3244,question_shown,"2026-04-15 12:50:42"
10028,question_shown,"2026-04-15 12:50:42"
842,question_shown,"2026-04-15 12:50:42"
835,question_shown,"2026-04-15 12:50:42"
703,question_shown,"2026-04-15 12:50:42"
727,question_shown,"2026-04-15 12:50:41"
720,question_shown,"2026-04-15 12:50:41"
3398,question_shown,"2026-04-15 12:50:41"
10037,question_shown,"2026-04-15 12:50:41"
3446,question_shown,"2026-04-15 12:50:41"
827,question_shown,"2026-04-15 12:50:41"
1707,question_shown,"2026-04-15 12:50:41"
10677,question_shown,"2026-04-15 12:50:41"
2049,question_shown,"2026-04-15 12:50:41"
3901,question_shown,"2026-04-15 12:50:41"
1615,question_shown,"2026-04-15 12:50:41"
3318,question_shown,"2026-04-15 12:50:41"
3365,question_shown,"2026-04-15 12:50:41"
3204,question_shown,"2026-04-15 12:50:41"
3453,question_shown,"2026-04-15 12:50:41"
3467,question_shown,"2026-04-15 12:50:41"
884,question_shown,"2026-04-15 12:50:41"
1443,question_shown,"2026-04-15 12:50:41"
3398,question_shown,"2026-04-15 12:50:41"
848,question_shown,"2026-04-15 12:50:41"
748,question_shown,"2026-04-15 12:50:41"
3400,question_shown,"2026-04-15 12:50:41"
679,question_shown,"2026-04-15 12:50:41"
603,question_shown,"2026-04-15 12:50:41"
717,question_shown,"2026-04-15 12:50:41"
10042,question_shown,"2026-04-15 12:50:41"
3446,question_shown,"2026-04-15 12:50:40"
10035,question_shown,"2026-04-15 12:50:40"
10045,question_shown,"2026-04-15 12:50:40"
754,question_shown,"2026-04-15 12:50:40"
768,question_shown,"2026-04-15 12:50:40"
10001,question_shown,"2026-04-15 12:50:40"
3365,question_shown,"2026-04-15 12:50:40"
3165,question_shown,"2026-04-15 12:50:40"
3589,question_shown,"2026-04-15 12:50:40"
2334,question_shown,"2026-04-15 12:50:40"
1779,question_shown,"2026-04-15 12:50:40"
2044,question_shown,"2026-04-15 12:50:40"
3291,question_shown,"2026-04-15 12:50:40"
721,question_shown,"2026-04-15 12:50:40"
3323,question_shown,"2026-04-15 12:50:40"
1060,question_shown,"2026-04-15 12:50:40"
1402,question_shown,"2026-04-15 12:50:40"
3584,question_shown,"2026-04-15 12:50:40"
597,question_shown,"2026-04-15 12:50:40"
718,question_shown,"2026-04-15 12:50:40"
3399,question_shown,"2026-04-15 12:50:40"
813,question_shown,"2026-04-15 12:50:40"
10071,question_shown,"2026-04-15 12:50:40"
677,question_shown,"2026-04-15 12:50:40"
3446,question_shown,"2026-04-15 12:50:39"
761,question_shown,"2026-04-15 12:50:39"
755,question_shown,"2026-04-15 12:50:39"
781,question_shown,"2026-04-15 12:50:39"
3242,question_shown,"2026-04-15 12:50:39"
885,question_shown,"2026-04-15 12:50:39"
499,question_shown,"2026-04-15 12:50:39"
2584,question_shown,"2026-04-15 12:50:39"
1235,question_shown,"2026-04-15 12:50:39"
814,question_shown,"2026-04-15 12:50:39"
1805,question_shown,"2026-04-15 12:50:39"
3365,question_shown,"2026-04-15 12:50:39"
10030,question_shown,"2026-04-15 12:50:39"
3366,question_shown,"2026-04-15 12:50:39"
1475,question_shown,"2026-04-15 12:50:39"
922,question_shown,"2026-04-15 12:50:39"
3500,question_shown,"2026-04-15 12:50:39"
668,question_shown,"2026-04-15 12:50:39"
10060,question_shown,"2026-04-15 12:50:39"
10028,question_shown,"2026-04-15 12:50:39"
10003,question_shown,"2026-04-15 12:50:39"
846,question_shown,"2026-04-15 12:50:39"
987,question_shown,"2026-04-15 12:50:39"
680,question_shown,"2026-04-15 12:50:38"
747,question_shown,"2026-04-15 12:50:38"
10028,question_shown,"2026-04-15 12:50:38"
801,question_shown,"2026-04-15 12:50:38"
34,question_shown,"2026-04-15 12:50:38"
3365,question_shown,"2026-04-15 12:50:38"
383,question_shown,"2026-04-15 12:50:38"
2664,question_shown,"2026-04-15 12:50:38"
3366,question_shown,"2026-04-15 12:50:38"
775,question_shown,"2026-04-15 12:50:38"
3400,question_shown,"2026-04-15 12:50:38"
1248,question_shown,"2026-04-15 12:50:38"
613,question_shown,"2026-04-15 12:50:38"
3925,question_shown,"2026-04-15 12:50:38"
1319,question_shown,"2026-04-15 12:50:38"
1546,question_shown,"2026-04-15 12:50:38"
3274,question_shown,"2026-04-15 12:50:38"
3565,question_shown,"2026-04-15 12:50:38"
10000,question_shown,"2026-04-15 12:50:38"
3995,question_shown,"2026-04-15 12:50:38"
741,question_shown,"2026-04-15 12:50:38"
10608,question_shown,"2026-04-15 12:50:38"
616,question_shown,"2026-04-15 12:50:38"
723,question_shown,"2026-04-15 12:50:38"
987,question_shown,"2026-04-15 12:50:37"
3398,question_shown,"2026-04-15 12:50:37"
10719,question_shown,"2026-04-15 12:50:37"
682,question_shown,"2026-04-15 12:50:37"
2292,question_shown,"2026-04-15 12:50:37"
425,question_shown,"2026-04-15 12:50:37"
991,question_shown,"2026-04-15 12:50:37"
873,question_shown,"2026-04-15 12:50:37"
10029,question_shown,"2026-04-15 12:50:37"
2027,question_shown,"2026-04-15 12:50:37"
4012,question_shown,"2026-04-15 12:50:37"
808,question_shown,"2026-04-15 12:50:37"
3366,question_shown,"2026-04-15 12:50:37"
1522,question_shown,"2026-04-15 12:50:37"
1353,question_shown,"2026-04-15 12:50:37"
1743,question_shown,"2026-04-15 12:50:37"
3197,question_shown,"2026-04-15 12:50:37"
10046,question_shown,"2026-04-15 12:50:37"
10051,question_shown,"2026-04-15 12:50:37"
716,question_shown,"2026-04-15 12:50:37"
658,question_shown,"2026-04-15 12:50:37"
10011,question_shown,"2026-04-15 12:50:37"
10025,question_shown,"2026-04-15 12:50:37"
772,question_shown,"2026-04-15 12:50:36"
612,question_shown,"2026-04-15 12:50:36"
3365,question_shown,"2026-04-15 12:50:36"
3191,question_shown,"2026-04-15 12:50:36"
10814,question_shown,"2026-04-15 12:50:36"
1763,question_shown,"2026-04-15 12:50:36"
802,question_shown,"2026-04-15 12:50:36"
1110,question_shown,"2026-04-15 12:50:36"
883,question_shown,"2026-04-15 12:50:36"
647,question_shown,"2026-04-15 12:50:36"
2219,question_shown,"2026-04-15 12:50:36"
1438,question_shown,"2026-04-15 12:50:36"
3260,question_shown,"2026-04-15 12:50:36"
2561,question_shown,"2026-04-15 12:50:36"
627,question_shown,"2026-04-15 12:50:36"
763,question_shown,"2026-04-15 12:50:36"
829,question_shown,"2026-04-15 12:50:36"
617,question_shown,"2026-04-15 12:50:36"
10011,question_shown,"2026-04-15 12:50:36"
806,question_shown,"2026-04-15 12:50:36"
644,question_shown,"2026-04-15 12:50:36"
3400,question_shown,"2026-04-15 12:50:36"
629,question_shown,"2026-04-15 12:50:35"
856,question_shown,"2026-04-15 12:50:35"
3400,question_shown,"2026-04-15 12:50:35"
10028,question_shown,"2026-04-15 12:50:35"
1248,question_shown,"2026-04-15 12:50:35"
442,question_shown,"2026-04-15 12:50:35"
2571,question_shown,"2026-04-15 12:50:35"
3278,question_shown,"2026-04-15 12:50:35"
635,question_shown,"2026-04-15 12:50:35"
1498,question_shown,"2026-04-15 12:50:35"
3365,question_shown,"2026-04-15 12:50:35"
767,question_shown,"2026-04-15 12:50:35"
10818,question_shown,"2026-04-15 12:50:35"
2562,question_shown,"2026-04-15 12:50:35"
3271,question_shown,"2026-04-15 12:50:35"
1311,question_shown,"2026-04-15 12:50:35"
3446,question_shown,"2026-04-15 12:50:35"
1489,question_shown,"2026-04-15 12:50:35"
816,question_shown,"2026-04-15 12:50:35"
9841,question_shown,"2026-04-15 12:50:35"
10025,question_shown,"2026-04-15 12:50:35"
592,question_shown,"2026-04-15 12:50:35"
742,question_shown,"2026-04-15 12:50:35"
855,question_shown,"2026-04-15 12:50:35"
3230,question_shown,"2026-04-15 12:50:35"
10699,question_shown,"2026-04-15 12:50:35"
10060,question_shown,"2026-04-15 12:50:34"
665,question_shown,"2026-04-15 12:50:34"
849,question_shown,"2026-04-15 12:50:34"
3398,question_shown,"2026-04-15 12:50:34"
3365,question_shown,"2026-04-15 12:50:34"
441,question_shown,"2026-04-15 12:50:34"
3318,question_shown,"2026-04-15 12:50:34"
1020,question_shown,"2026-04-15 12:50:34"
604,question_shown,"2026-04-15 12:50:34"
3316,question_shown,"2026-04-15 12:50:34"
3366,question_shown,"2026-04-15 12:50:34"
715,question_shown,"2026-04-15 12:50:34"
1498,question_shown,"2026-04-15 12:50:34"
867,question_shown,"2026-04-15 12:50:34"
3458,question_shown,"2026-04-15 12:50:34"
10727,question_shown,"2026-04-15 12:50:34"
10714,question_shown,"2026-04-15 12:50:34"
10049,question_shown,"2026-04-15 12:50:34"
731,question_shown,"2026-04-15 12:50:34"
2659,question_shown,"2026-04-15 12:50:34"
1779,question_shown,"2026-04-15 12:50:34"
10718,question_shown,"2026-04-15 12:50:34"
589,question_shown,"2026-04-15 12:50:34"
676,question_shown,"2026-04-15 12:50:34"
10062,question_shown,"2026-04-15 12:50:33"
824,question_shown,"2026-04-15 12:50:33"
834,question_shown,"2026-04-15 12:50:33"
688,question_shown,"2026-04-15 12:50:33"
10717,question_shown,"2026-04-15 12:50:33"
1388,question_shown,"2026-04-15 12:50:33"
3160,question_shown,"2026-04-15 12:50:33"
1221,question_shown,"2026-04-15 12:50:33"
1651,question_shown,"2026-04-15 12:50:33"
10719,question_shown,"2026-04-15 12:50:33"
3366,question_shown,"2026-04-15 12:50:33"
2275,question_shown,"2026-04-15 12:50:33"
840,question_shown,"2026-04-15 12:50:33"
1703,question_shown,"2026-04-15 12:50:33"
3365,question_shown,"2026-04-15 12:50:33"
2648,question_shown,"2026-04-15 12:50:33"
2209,question_shown,"2026-04-15 12:50:33"
3446,question_shown,"2026-04-15 12:50:33"
805,question_shown,"2026-04-15 12:50:33"
836,question_shown,"2026-04-15 12:50:33"
830,question_shown,"2026-04-15 12:50:33"
10720,question_shown,"2026-04-15 12:50:33"
843,question_shown,"2026-04-15 12:50:33"
602,question_shown,"2026-04-15 12:50:33"
10025,question_shown,"2026-04-15 12:50:33"
655,question_shown,"2026-04-15 12:50:32"
3206,question_shown,"2026-04-15 12:50:32"
1489,question_shown,"2026-04-15 12:50:32"
10025,question_shown,"2026-04-15 12:50:32"
666,question_shown,"2026-04-15 12:50:32"
10038,question_shown,"2026-04-15 12:50:32"
10686,question_shown,"2026-04-15 12:50:32"
3365,question_shown,"2026-04-15 12:50:32"
404,question_shown,"2026-04-15 12:50:32"
3366,question_shown,"2026-04-15 12:50:32"
961,question_shown,"2026-04-15 12:50:32"
598,question_shown,"2026-04-15 12:50:32"
1518,question_shown,"2026-04-15 12:50:32"
3584,question_shown,"2026-04-15 12:50:32"
10054,question_shown,"2026-04-15 12:50:32"
10815,question_shown,"2026-04-15 12:50:32"
921,question_shown,"2026-04-15 12:50:32"
3916,question_shown,"2026-04-15 12:50:32"
1747,question_shown,"2026-04-15 12:50:32"
3221,question_shown,"2026-04-15 12:50:32"
10025,question_shown,"2026-04-15 12:50:32"
759,question_shown,"2026-04-15 12:50:32"
3398,question_shown,"2026-04-15 12:50:32"
812,question_shown,"2026-04-15 12:50:32"
697,question_shown,"2026-04-15 12:50:32"
10715,question_shown,"2026-04-15 12:50:32"
10031,question_shown,"2026-04-15 12:50:31"
10025,question_shown,"2026-04-15 12:50:31"
3446,question_shown,"2026-04-15 12:50:31"
10680,question_shown,"2026-04-15 12:50:31"
624,question_shown,"2026-04-15 12:50:31"
561,question_shown,"2026-04-15 12:50:31"
10039,question_shown,"2026-04-15 12:50:31"
1109,question_shown,"2026-04-15 12:50:31"
675,question_shown,"2026-04-15 12:50:31"
3365,question_shown,"2026-04-15 12:50:31"
499,question_shown,"2026-04-15 12:50:31"
881,question_shown,"2026-04-15 12:50:31"
3366,question_shown,"2026-04-15 12:50:31"
630,question_shown,"2026-04-15 12:50:31"
1656,question_shown,"2026-04-15 12:50:31"
3446,question_shown,"2026-04-15 12:50:31"
3241,question_shown,"2026-04-15 12:50:31"
3323,question_shown,"2026-04-15 12:50:31"
1707,question_shown,"2026-04-15 12:50:31"
2239,question_shown,"2026-04-15 12:50:31"
1529,question_shown,"2026-04-15 12:50:31"
1720,question_shown,"2026-04-15 12:50:31"
662,question_shown,"2026-04-15 12:50:31"
769,question_shown,"2026-04-15 12:50:31"
853,question_shown,"2026-04-15 12:50:31"
743,question_shown,"2026-04-15 12:50:31"
618,question_shown,"2026-04-15 12:50:30"
10047,question_shown,"2026-04-15 12:50:30"
3400,question_shown,"2026-04-15 12:50:30"
10036,question_shown,"2026-04-15 12:50:30"
619,question_shown,"2026-04-15 12:50:30"
3399,question_shown,"2026-04-15 12:50:30"
10049,question_shown,"2026-04-15 12:50:30"
3280,question_shown,"2026-04-15 12:50:30"
483,question_shown,"2026-04-15 12:50:30"
2571,question_shown,"2026-04-15 12:50:30"
1651,question_shown,"2026-04-15 12:50:30"
3206,question_shown,"2026-04-15 12:50:30"
1310,question_shown,"2026-04-15 12:50:30"
3365,question_shown,"2026-04-15 12:50:30"
780,question_shown,"2026-04-15 12:50:30"
1701,question_shown,"2026-04-15 12:50:30"
