item_pk,lemma,correct_answer,pos,topic_tag,bin_name,freq_rank,active_value,source_family,primary_flag,auto_bucket,suggested_action,reason_codes,choice_count,generic_choice_ratio,choices_preview
267,aniversário,день рождения,noun,build:pilot_ptpt_001_pilot_safe,2K,1003,1,pilot_safe,length_outlier_in_choices|legacy_source_family,repair_or_deactivate_legacy_phrase,repair_or_deactivate,multiword_answer|legacy_source_family,6,0.0,девочка || жена || день рождения || остров || левый || разговор
495,mapa,географическая карта,noun,build:pilot_ptpt_001_pilot_safe,2K,1853,1,pilot_safe,length_outlier_in_choices|legacy_source_family,repair_or_deactivate_legacy_phrase,repair_or_deactivate,multiword_answer|legacy_source_family,6,0.0,географическая карта || продукция || медицина || почитание || мост || финиш
540,transmissão,коробка передач,noun,build:pilot_ptpt_001_pilot_safe,2K,1998,1,pilot_safe,length_outlier_in_choices|legacy_source_family,repair_or_deactivate_legacy_phrase,repair_or_deactivate,multiword_answer|legacy_source_family,6,0.0,лев || молния || сенат || коробка передач || кадр || сенатор
672,veículo,транспортное средство,noun,build:pilot_ptpt_001_pilot_safe,5K,2546,1,pilot_safe,length_outlier_in_choices|legacy_source_family,repair_or_deactivate_legacy_phrase,repair_or_deactivate,multiword_answer|legacy_source_family,6,0.0,ресторан || сахар || транспортное средство || раса || актёр || страдание
2463,soja,соевые бобы,noun,build:pilot_ptpt_001_enriched_qc,10K,6478,1,enriched_qc,length_outlier_in_choices|legacy_source_family,repair_or_deactivate_legacy_phrase,repair_or_deactivate,multiword_answer|legacy_source_family,6,0.0,игрушка || ксаверий || соевые бобы || яд || шут || пенис
2501,taiwan,китайская республика,noun,build:pilot_ptpt_001_enriched_qc:deactivated_safe_cleanup,10K,7476,1,enriched_qc,length_outlier_in_choices|legacy_source_family,repair_or_deactivate_legacy_phrase,repair_or_deactivate,multiword_answer|legacy_source_family,6,0.0,близнецы || обрезки || преданность || сустав || залив || китайская республика
1863,livraria,книшный магазин,noun,build:pilot_ptpt_001_enriched_qc:deactivated_semantic_suspect_20260311_133552,10K,8358,1,enriched_qc,length_outlier_in_choices|legacy_source_family,repair_or_deactivate_legacy_phrase,repair_or_deactivate,multiword_answer|legacy_source_family,6,0.0,чередование || попечение || галактика || заказ || судан || книшный магазин
2475,submarino,подводная лодка,noun,build:pilot_ptpt_001_enriched_qc,10K,8965,1,enriched_qc,length_outlier_in_choices|legacy_source_family,repair_or_deactivate_legacy_phrase,repair_or_deactivate,multiword_answer|legacy_source_family,6,0.0,шелк || прерия || сена || подводная лодка || треугольник || балкон
1643,gaveta,выдвижной ящик,noun,build:pilot_ptpt_001_enriched_qc,20K,11475,1,enriched_qc,length_outlier_in_choices|legacy_source_family,repair_or_deactivate_legacy_phrase,repair_or_deactivate,multiword_answer|legacy_source_family,6,0.0,выдвижной ящик || снос || непал || директория || мученик || мали
